date,Open,High,Low,Close,Volume
2022-09-01,20048.27,20205.53,19561.01,20133.65,30182031010.0
2022-09-02,20132.67,20444.0,19755.0,19953.74,29123998928.0
2022-09-03,19953.4,20053.9,19655.0,19835.47,23613051457.0
2022-09-04,19833.59,20026.2,19588.27,20004.73,25245861652.0
2022-09-05,20003.85,20060.0,19633.11,19794.58,28813460025.0
2022-09-06,19794.59,20179.86,18663.25,18790.91,43403978910.0
2022-09-07,18790.77,19466.09,18527.0,19293.52,35239757134.0
2022-09-08,19293.03,19460.7,19014.43,19321.87,32194477850.0
2022-09-09,19322.56,21616.21,19294.49,21364.5,48469528171.0
2022-09-10,21366.61,21815.15,21127.1,21651.52,36913738894.0
2022-09-11,21656.03,21865.66,21356.37,21831.72,34493951963.0
2022-09-12,21830.16,22490.05,21555.0,22402.71,50212088965.0
2022-09-13,22402.58,22800.0,19855.0,20174.78,51091116622.0
2022-09-14,20174.78,20545.0,19625.0,20227.77,37872380889.0
2022-09-15,20227.7,20336.42,19500.0,19703.67,36389011503.0
2022-09-16,19703.65,19890.95,19305.0,19801.04,30123362273.0
2022-09-17,19800.26,20183.14,19748.89,20113.37,24957448100.0
2022-09-18,20113.37,20119.08,19335.57,19417.64,31254779144.0
2022-09-19,19417.56,19689.62,18255.0,19540.38,40177002624.0
2022-09-20,19538.31,19638.46,18722.0,18876.91,36791346508.0
2022-09-21,18876.14,19949.97,18153.13,18462.64,46363793975.0
2022-09-22,18462.66,19521.8,18358.63,19401.25,41135767926.0
2022-09-23,19399.93,19500.0,18529.0,19286.01,38896078052.0
2022-09-24,19286.03,19311.4,18808.13,18923.2,26149643168.0
2022-09-25,18920.93,19184.3,18619.88,18808.61,23359966112.0
2022-09-26,18806.3,19320.86,18681.02,19228.0,44148798321.0
2022-09-27,19226.94,20383.15,18821.55,19077.57,58571439619.0
2022-09-28,19077.56,19773.67,18487.0,19412.07,53071298734.0
2022-09-29,19412.37,19646.66,18845.3,19595.57,41037843771.0
2022-09-30,19595.59,20182.72,19154.38,19426.11,43975248085.0
2022-10-01,19423.57,19486.43,19160.0,19315.27,18719537670.0
2022-10-02,19315.26,19398.94,18923.81,19059.17,20765955327.0
2022-10-03,19059.1,19717.67,18958.29,19633.46,30484729489.0
2022-10-04,19632.43,20479.43,19495.32,20345.19,35887278685.0
2022-10-05,20345.27,20371.15,19750.0,20161.62,33223790572.0
2022-10-06,20162.15,20455.79,19855.19,19965.64,34711412966.0
2022-10-07,19963.75,20065.26,19325.0,19533.05,29227315390.0
2022-10-08,19531.68,19628.78,19250.0,19419.39,16437423167.0
2022-10-09,19421.49,19563.28,19321.0,19443.47,16837262532.0
2022-10-10,19442.7,19528.04,19028.08,19132.83,27425022774.0
2022-10-11,19130.8,19265.69,18855.19,19058.11,28711532910.0
2022-10-12,19058.42,19235.26,18971.51,19155.92,24950173846.0
2022-10-13,19153.97,19509.23,18131.0,19378.65,44219840004.0
2022-10-14,19375.55,19954.14,19076.83,19178.0,38452356727.0
2022-10-15,19179.15,19229.12,18983.0,19070.24,16192235532.0
2022-10-16,19070.62,19425.49,19065.23,19264.44,17988916650.0
2022-10-17,19261.62,19679.46,19154.72,19550.4,27472552998.0
2022-10-18,19550.39,19702.73,19091.77,19328.76,30580012344.0
2022-10-19,19328.75,19361.0,19062.1,19124.18,22425387184.0
2022-10-20,19123.77,19349.04,18905.0,19042.48,24493974420.0
2022-10-21,19043.66,19254.52,18659.0,19166.45,32459287866.0
2022-10-22,19164.92,19257.66,19110.46,19209.1,16104440957.0
2022-10-23,19209.09,19698.1,19070.92,19572.44,22128794335.0
2022-10-24,19572.2,19603.57,19159.35,19330.41,30202235805.0
2022-10-25,19332.11,20420.88,19240.76,20086.28,47761524910.0
2022-10-26,20086.27,21022.81,20055.85,20775.4,58895950537.0
2022-10-27,20773.59,20878.17,20196.01,20296.97,49625110402.0
2022-10-28,20295.77,20755.09,20000.0,20597.91,43994715910.0
2022-10-29,20597.34,21080.0,20561.2,20823.53,40369840645.0
2022-10-30,20822.38,20939.35,20523.92,20630.68,31486345556.0
2022-10-31,20629.21,20837.68,20237.0,20489.94,45668466815.0
2022-11-01,20489.55,20691.0,20326.55,20479.63,39819303159.0
2022-11-02,20480.34,20805.0,20059.53,20151.4,55552169483.0
2022-11-03,20151.29,20390.82,20032.02,20206.88,43228750179.0
2022-11-04,20208.02,21298.76,20181.61,21144.2,64072727950.0
2022-11-05,21149.03,21478.8,21082.54,21300.45,37846047609.0
2022-11-06,21300.45,21365.89,20886.26,20909.17,35082693210.0
2022-11-07,20908.15,21069.46,20394.34,20593.49,53510852236.0
2022-11-08,20593.34,20675.0,17500.0,18550.25,118992465607.0
2022-11-09,18546.07,18590.34,15512.0,15891.96,102905151606.0
2022-11-10,15894.77,18140.62,15720.0,17553.89,83202283721.0
2022-11-11,17555.44,17641.32,16336.05,17013.62,55871616488.0
2022-11-12,17014.78,17067.7,16595.25,16783.33,29717699419.0
2022-11-13,16783.32,16926.57,16214.95,16301.39,27209183682.0
2022-11-14,16298.75,17169.68,15790.25,16590.73,49630243054.0
2022-11-15,16588.41,17107.88,16502.85,16877.93,36599436183.0
2022-11-16,16879.37,16994.31,16358.66,16645.24,33925512989.0
2022-11-17,16646.58,16736.7,16396.0,16680.47,27868914022.0
2022-11-18,16680.47,16984.08,16526.28,16680.59,26862218609.0
2022-11-19,16678.85,16802.0,16534.83,16683.02,16106223492.0
2022-11-20,16680.7,16733.19,16154.65,16252.53,21313378652.0
2022-11-21,16252.43,16279.99,15460.0,15760.14,37429485518.0
2022-11-22,15758.96,16294.5,15596.22,16199.71,30726828760.0
2022-11-23,16201.15,16700.0,16142.99,16587.0,32958875628.0
2022-11-24,16585.83,16797.28,16450.62,16587.61,26129037414.0
2022-11-25,16587.6,16610.08,16333.0,16510.9,18678255976.0
2022-11-26,16510.9,16693.18,16376.1,16450.93,18000008764.0
2022-11-27,16450.32,16589.43,16395.0,16419.88,20443898509.0
2022-11-28,16421.63,16478.32,15992.64,16206.3,27743025156.0
2022-11-29,16206.23,16541.72,16092.53,16438.0,23581685468.0
2022-11-30,16437.94,17259.37,16423.37,17167.33,29523576583.0
2022-12-01,17165.44,17317.8,16855.0,16980.08,22895392882.0
2022-12-02,16980.07,17108.25,16791.02,17094.71,19539705127.0
2022-12-03,17094.25,17158.42,16863.58,16888.53,16217776704.0
2022-12-04,16889.17,17199.99,16882.86,17108.9,16824520830.0
2022-12-05,17108.9,17424.59,16865.22,16966.05,22209086834.0
2022-12-06,16966.05,17111.35,16904.04,17089.05,19889922369.0
2022-12-07,17089.18,17140.22,16679.52,16840.0,19675404389.0
2022-12-08,16839.76,17300.59,16738.0,17226.01,20496603770.0
2022-12-09,17226.03,17352.62,17060.69,17130.59,20328426366.0
2022-12-10,17130.49,17227.64,17093.42,17128.1,12706781969.0
2022-12-11,17128.1,17271.92,17073.19,17085.21,14122486832.0
2022-12-12,17085.62,17244.63,16875.83,17211.66,19617581341.0
2022-12-13,17212.9,17999.99,17089.17,17773.18,26634741631.0
2022-12-14,17772.98,18385.36,17660.93,17804.97,25534481470.0
2022-12-15,17805.36,17856.26,17275.02,17357.96,20964448341.0
2022-12-16,17359.1,17525.0,16529.53,16632.64,24031608960.0
2022-12-17,16634.29,16799.99,16585.64,16782.25,14463581825.0
2022-12-18,16782.23,16875.0,16663.76,16741.16,10924354698.0
2022-12-19,16742.33,16822.84,16273.4,16439.74,17221074814.0
2022-12-20,16439.98,17060.86,16398.22,16897.65,22722096615.0
2022-12-21,16896.17,16926.05,16725.78,16826.56,14882945045.0
2022-12-22,16825.18,16868.82,16560.84,16815.51,16441573050.0
2022-12-23,16815.28,16943.29,16719.57,16777.21,15329265213.0
2022-12-24,16777.88,16863.62,16775.88,16837.12,9744636213.0
2022-12-25,16837.24,16853.88,16720.89,16829.02,11656379938.0
2022-12-26,16829.19,16939.81,16787.97,16917.96,11886957804.0
2022-12-27,16916.66,16967.0,16585.97,16698.73,15748580239.0
2022-12-28,16698.31,16777.35,16460.0,16539.66,17005713920.0
2022-12-29,16539.66,16654.81,16479.5,16627.54,14472237479.0
2022-12-30,16627.36,16649.99,16326.16,16600.1,15929162910.0
2022-12-31,16599.98,16634.42,16462.49,16530.35,11239186456.0
2023-01-01,16531.83,16621.0,16490.0,16611.58,9244361700.0
2023-01-02,16611.9,16789.99,16542.52,16666.95,12097775227.0
2023-01-03,16666.86,16772.3,16600.0,16669.47,13903079207.0
2023-01-04,16668.95,16988.0,16645.87,16844.42,18421743322.0
2023-01-05,16844.4,16872.13,16750.07,16825.69,13692758566.0
2023-01-06,16825.53,17027.11,16670.82,16948.06,14413662913.0
2023-01-07,16948.0,16977.76,16903.58,16942.37,7714767174.0
2023-01-08,16942.37,17167.52,16910.41,17125.18,9768827914.0
2023-01-09,17125.17,17396.25,17102.97,17177.98,18624736866.0
2023-01-10,17177.94,17494.37,17145.1,17443.5,15808338949.0
2023-01-11,17443.5,17998.0,17315.08,17944.27,18372283782.0
2023-01-12,17944.15,19115.85,17904.83,18847.75,34971338710.0
2023-01-13,18847.77,20000.0,18714.8,19934.88,29225029694.0
2023-01-14,19934.07,21321.98,19893.25,20957.02,38967784639.0
2023-01-15,20956.2,21057.3,20560.16,20879.7,19298407543.0
2023-01-16,20879.67,21465.62,20611.45,21187.5,26792494050.0
2023-01-17,21191.46,21595.0,20844.73,21136.33,24999983362.0
2023-01-18,21135.01,21650.21,20370.01,20674.29,30005625418.0
2023-01-19,20674.03,21197.0,20656.52,21084.22,21152848261.0
2023-01-20,21084.05,22754.73,20865.64,22669.81,28799154319.0
2023-01-21,22671.09,23375.6,22432.45,22789.37,32442278429.0
2023-01-22,22789.34,23082.82,22298.15,22714.87,24746386230.0
2023-01-23,22714.81,23180.55,22500.01,22920.29,26518700512.0
2023-01-24,22920.67,23165.56,22460.17,22636.17,26405069715.0
2023-01-25,22636.19,23824.66,22326.24,23062.36,30685366709.0
2023-01-26,23062.36,23287.38,22853.61,23010.47,26357839322.0
2023-01-27,23011.37,23511.9,22540.76,23084.4,25383335641.0
2023-01-28,23084.38,23196.99,22884.0,23028.95,14712928379.0
2023-01-29,23029.56,23966.0,22974.75,23745.8,27423687259.0
2023-01-30,23744.34,23802.99,22500.0,22836.03,27205595568.0
2023-01-31,22836.03,23313.23,22719.68,23128.86,22837828665.0
2023-02-01,23127.15,23813.57,22760.0,23735.97,26683255504.0
2023-02-02,23735.97,24262.18,23367.87,23493.84,32066936882.0
2023-02-03,23497.29,23720.0,23208.01,23433.54,27083066007.0
2023-02-04,23433.47,23589.67,23257.71,23328.87,15639298538.0
2023-02-05,23329.47,23433.2,22758.01,22936.34,19564262605.0
2023-02-06,22936.34,23163.05,22637.51,22764.07,23825006542.0
2023-02-07,22763.42,23348.73,22748.11,23244.67,27187964471.0
2023-02-08,23244.64,23451.01,22669.09,22964.38,25371367758.0
2023-02-09,22963.91,23011.18,21700.0,21800.63,32572572185.0
2023-02-10,21800.62,21942.41,21467.43,21628.97,27078406594.0
2023-02-11,21628.97,21904.0,21605.35,21863.73,16356226232.0
2023-02-12,21863.73,22091.88,21631.0,21789.8,17821046406.0
2023-02-13,21789.79,21903.03,21366.45,21789.14,23918742607.0
2023-02-14,21789.0,22331.76,21545.67,22206.27,26792596581.0
2023-02-15,22206.26,24386.5,22054.17,24329.04,32483312909.0
2023-02-16,24326.95,25256.83,23510.73,23516.15,39316664596.0
2023-02-17,23516.95,25025.0,23344.12,24577.6,41358451255.0
2023-02-18,24577.6,24879.33,24407.67,24636.23,19625427158.0
2023-02-19,24635.85,25200.0,24192.7,24281.31,25555105670.0
2023-02-20,24278.81,25128.11,23841.08,24844.97,28987376573.0
2023-02-21,24844.21,25288.88,24153.96,24454.43,31252098714.0
2023-02-22,24454.08,24480.0,23581.64,24184.44,30199996781.0
2023-02-23,24184.9,24600.95,23612.59,23943.32,30476264066.0
2023-02-24,23943.32,24132.67,22520.0,23186.88,26811744928.0
2023-02-25,23186.88,23220.56,22716.47,23159.71,16100721565.0
2023-02-26,23159.71,23689.77,23052.78,23556.83,16644534842.0
2023-02-27,23556.83,23895.51,23109.06,23489.52,22660763494.0
2023-02-28,23490.01,23597.98,23027.24,23145.32,20535363434.0
2023-03-01,23144.37,23999.99,23025.17,23631.52,24662841200.0
2023-03-02,23632.12,23798.62,23196.09,23468.24,20386398516.0
2023-03-03,23468.79,23477.28,21988.02,22358.18,26062404610.0
2023-03-04,22358.18,22409.82,22150.71,22350.95,11166012913.0
2023-03-05,22349.74,22654.64,22195.13,22432.69,13317001733.0
2023-03-06,22431.99,22599.99,22264.73,22410.31,17353192895.0
2023-03-07,22410.13,22557.03,21932.74,22198.48,22765452204.0
2023-03-08,22198.09,22281.55,21580.84,21698.37,22536575684.0
2023-03-09,21699.41,21825.53,20050.0,20367.01,30364664171.0
2023-03-10,20366.97,20369.78,19568.52,20230.08,39578257695.0
2023-03-11,20230.07,20964.5,19900.5,20620.54,30180288176.0
2023-03-12,20619.34,22276.69,20446.24,22219.08,29279035521.0
2023-03-13,22216.02,24710.0,21882.63,24220.0,49466362688.0
2023-03-14,24220.0,26553.9,24052.0,24762.65,54622230164.0
2023-03-15,24761.61,25300.0,23931.01,24377.16,43655701450.0
2023-03-16,24377.16,25235.28,24207.54,25051.85,33866061747.0
2023-03-17,25052.11,27834.54,24946.86,27453.62,50730261335.0
2023-03-18,27453.75,27780.0,26652.45,26980.35,35723036817.0
2023-03-19,26980.35,28478.0,26904.0,28054.46,37769448859.0
2023-03-20,28058.15,28578.63,27218.36,27823.32,44774027664.0
2023-03-21,27822.85,28605.32,27414.77,28207.33,36102192830.0
2023-03-22,28201.22,28937.73,26678.16,27325.15,33382021890.0
2023-03-23,27324.05,28839.68,27189.19,28352.94,24220433689.0
2023-03-24,28352.95,28433.34,27027.88,27489.24,25980310960.0
2023-03-25,27489.24,27818.67,27184.78,27488.18,13383005987.0
2023-03-26,27489.56,28230.32,27445.04,27992.9,13878363192.0
2023-03-27,27995.27,28053.26,26525.0,27142.87,18188895178.0
2023-03-28,27142.85,27519.99,26640.0,27274.15,17783600385.0
2023-03-29,27274.18,28654.06,27255.42,28359.54,20684945906.0
2023-03-30,28359.54,29190.04,27693.7,28035.48,22435349951.0
2023-03-31,28034.88,28650.2,27512.97,28474.4,19001327598.0
2023-04-01,28475.41,28826.45,28223.76,28471.46,10876469901.0
2023-04-02,28471.03,28544.21,27862.69,28188.34,12284641999.0
2023-04-03,28188.34,28525.0,27227.61,27811.77,19556501327.0
2023-04-04,27809.55,28450.0,27670.24,28179.64,15284538859.0
2023-04-05,28178.66,28799.99,27817.32,28175.37,17052315986.0
2023-04-06,28175.27,28199.11,27716.77,28053.46,13837809380.0
2023-04-07,28052.74,28120.71,27790.21,27931.94,10861680497.0
2023-04-08,27930.12,28175.89,27881.01,27958.81,9373255556.0
2023-04-09,27958.19,28547.67,27814.0,28340.99,12175322951.0
2023-04-10,28342.28,29794.47,28162.49,29660.41,19282400094.0
2023-04-11,29657.7,30584.58,29612.3,30227.19,20121259843.0
2023-04-12,30227.18,30517.0,29675.0,29912.2,18651929926.0
2023-04-13,29912.2,30627.05,29878.08,30406.78,17487721001.0
2023-04-14,30410.03,31050.0,30000.0,30492.92,22659995079.0
2023-04-15,30492.91,30622.38,30231.76,30324.11,11940685378.0
2023-04-16,30325.07,30572.1,30148.28,30326.09,12854816417.0
2023-04-17,30321.41,30340.21,29251.71,29449.91,17872186762.0
2023-04-18,29449.91,30500.0,29103.89,30393.4,19480529496.0
2023-04-19,30394.5,30430.72,28595.28,28809.72,24571565421.0
2023-04-20,28809.71,29102.69,27991.32,28248.18,21340360360.0
2023-04-21,28248.18,28371.88,27133.0,27253.85,20759504330.0
2023-04-22,27252.96,27887.78,27133.0,27821.41,13125734602.0
2023-04-23,27820.99,27820.99,27333.2,27592.98,12785446832.0
2023-04-24,27592.7,28000.0,26965.14,27515.05,17703288330.0
2023-04-25,27513.85,28400.0,27194.51,28304.42,17733373139.0
2023-04-26,28304.42,30050.66,27230.77,28426.08,31854242019.0
2023-04-27,28428.86,29900.0,28387.07,29483.72,27153445027.0
2023-04-28,29486.97,29606.45,28900.0,29338.63,17544464887.0
2023-04-29,29339.47,29470.0,29057.3,29249.35,10662634333.0
2023-04-30,29249.24,29969.99,29095.92,29247.14,14652199272.0
2023-05-01,29240.49,29348.6,27664.31,28077.27,18655599976.0
2023-05-02,28077.44,28899.99,27871.44,28684.4,16432924527.0
2023-05-03,28683.41,29276.12,28122.0,29038.75,19122972518.0
2023-05-04,29039.36,29383.5,28674.58,28857.23,15548678514.0
2023-05-05,28857.88,29706.57,28810.0,29536.76,17936566518.0
2023-05-06,29538.87,29850.0,28394.0,28902.66,15913866714.0
2023-05-07,28901.3,29189.71,28429.12,28474.53,11301355486.0
2023-05-08,28472.68,28676.38,27279.66,27695.06,19122903752.0
2023-05-09,27693.24,27833.64,27367.01,27647.29,14128593256.0
2023-05-10,27647.29,28334.75,26800.0,27624.01,20656025026.0
2023-05-11,27621.5,27649.85,26702.0,26986.56,16724343943.0
2023-05-12,26986.79,27099.21,25810.0,26808.84,19313599897.0
2023-05-13,26808.8,27060.24,26700.0,26789.48,9999171605.0
2023-05-14,26786.99,27221.51,26581.52,26929.98,10014858959.0
2023-05-15,26929.98,27678.73,26740.95,27171.13,14413231792.0
2023-05-16,27165.26,27302.99,26860.12,27037.68,12732238816.0
2023-05-17,27037.72,27516.58,26543.87,27407.77,15140006925.0
2023-05-18,27407.76,27487.71,26361.52,26820.49,15222938600.0
2023-05-19,26819.64,27190.35,26632.73,26890.27,11258983301.0
2023-05-20,26890.27,27178.99,26836.21,27113.61,7044911360.0
2023-05-21,27113.97,27288.02,26667.63,26752.65,8647416921.0
2023-05-22,26751.0,27105.63,26536.99,26854.73,11056770492.0
2023-05-23,26854.09,27500.0,26803.46,27223.22,13697203143.0
2023-05-24,27222.86,27225.0,26070.04,26321.4,16299104428.0
2023-05-25,26321.42,26625.93,25864.35,26479.06,13851122697.0
2023-05-26,26479.15,26950.0,26334.33,26714.86,12711619225.0
2023-05-27,26711.56,26943.6,26559.96,26867.99,7892015141.0
2023-05-28,26870.13,28277.56,26780.11,28070.04,14545229578.0
2023-05-29,28070.04,28473.93,27534.81,27744.82,15181308984.0
2023-05-30,27744.81,28057.23,27555.0,27700.15,13251081851.0
2023-05-31,27700.68,27844.89,26842.94,27223.08,15656371534.0
2023-06-01,27221.54,27360.31,26615.0,26828.42,14678970415.0
2023-06-02,26827.73,27307.44,26508.0,27250.69,14837415000.0
2023-06-03,27252.67,27341.13,26923.35,27077.6,8385597470.0
2023-06-04,27078.27,27466.83,26958.98,27122.04,9360912318.0
2023-06-05,27122.03,27137.75,25391.43,25741.5,21513292646.0
2023-06-06,25741.5,27368.67,25351.92,27243.63,21929670693.0
2023-06-07,27243.45,27402.79,26121.06,26346.41,19530045082.0
2023-06-08,26347.09,26820.3,26212.63,26508.32,11904824295.0
2023-06-09,26505.71,26780.4,26283.5,26482.81,11015551640.0
2023-06-10,26482.8,26534.95,25385.52,25856.1,19872933189.0
2023-06-11,25856.1,26219.1,25648.0,25937.02,10732609603.0
2023-06-12,25936.98,26108.64,25616.98,25905.82,11677889997.0
2023-06-13,25905.99,26435.81,25710.78,25930.23,14143474486.0
2023-06-14,25929.35,26090.0,24821.0,25123.34,14265717766.0
2023-06-15,25123.41,25749.99,24750.0,25569.99,15837384409.0
2023-06-16,25569.99,26486.56,25143.24,26329.6,16324646965.0
2023-06-17,26329.6,26783.2,26165.98,26506.56,11090276850.0
2023-06-18,26507.97,26693.11,26245.27,26336.46,9565695129.0
2023-06-19,26336.46,27040.64,26250.0,26837.78,12826986222.0
2023-06-20,26839.04,28417.11,26637.41,28320.43,22211859147.0
2023-06-21,28320.41,30800.0,28271.67,29995.08,33346760979.0
2023-06-22,29999.85,30513.25,29539.57,29886.31,20653160491.0
2023-06-23,29886.25,31443.67,29802.65,30707.61,24115570085.0
2023-06-24,30709.59,30815.92,30265.88,30547.18,12147822496.0
2023-06-25,30547.3,31057.86,30288.33,30480.24,12703464114.0
2023-06-26,30480.24,30662.66,29900.0,30272.18,16493186997.0
2023-06-27,30272.24,31020.54,30228.44,30697.38,16428827944.0
2023-06-28,30696.06,30716.93,29840.0,30074.94,14571500779.0
2023-06-29,30074.93,30838.0,30036.18,30446.47,13180860821.0
2023-06-30,30445.67,31277.0,29417.14,30466.72,26387306197.0
2023-07-01,30466.73,30659.33,30312.8,30587.21,9086606733.0
2023-07-02,30587.22,30791.75,30165.39,30613.51,10533418042.0
2023-07-03,30613.57,31399.08,30569.0,31161.8,15271884873.0
2023-07-04,31162.71,31333.0,30628.3,30771.25,12810828427.0
2023-07-05,30772.93,30882.95,30189.56,30499.27,12481622280.0
2023-07-06,30499.27,31525.1,29850.0,29899.38,21129219509.0
2023-07-07,29895.6,30456.0,29715.87,30352.08,13384770155.0
2023-07-08,30350.35,30388.91,30047.78,30291.69,7509378699.0
2023-07-09,30291.69,30451.78,30066.95,30168.38,7903327692.0
2023-07-10,30168.26,31055.75,29955.0,30419.89,14828209155.0
2023-07-11,30419.89,30811.65,30304.45,30626.55,12151839152.0
2023-07-12,30624.65,31000.0,30200.0,30381.81,14805659717.0
2023-07-13,30383.26,31862.21,30250.73,31471.83,23686079548.0
2023-07-14,31471.83,31645.66,29920.31,30330.52,20917902660.0
2023-07-15,30330.93,30406.27,30254.67,30301.65,8011667756.0
2023-07-16,30302.01,30457.03,30075.93,30247.64,8516564470.0
2023-07-17,30247.56,30345.45,29668.58,30143.08,13240156074.0
2023-07-18,30143.08,30249.3,29525.0,29861.93,13138897269.0
2023-07-19,29861.92,30196.24,29757.44,29916.72,12128602812.0
2023-07-20,29916.69,30421.29,29564.19,29809.13,14655207121.0
2023-07-21,29809.13,30060.28,29729.48,29907.98,10972789818.0
2023-07-22,29907.15,30002.38,29626.86,29795.03,7873300598.0
2023-07-23,29793.62,30350.7,29733.55,30081.61,9220145050.0
2023-07-24,30081.61,30099.99,28850.0,29176.98,15395817395.0
2023-07-25,29176.98,29376.51,29046.0,29225.14,10266772793.0
2023-07-26,29225.11,29686.41,29089.54,29353.23,13497554655.0
2023-07-27,29350.88,29571.42,29075.0,29214.92,10770779217.0
2023-07-28,29214.93,29532.45,29115.32,29316.15,11218474952.0
2023-07-29,29316.05,29411.09,29253.44,29355.71,6481775959.0
2023-07-30,29356.65,29450.0,29033.0,29281.39,8678454527.0
2023-07-31,29280.41,29526.99,29102.65,29230.67,11656781982.0
2023-08-01,29230.61,29726.73,28477.0,29697.27,18272392391.0
2023-08-02,29699.25,30033.0,28903.79,29164.22,19212655598.0
2023-08-03,29163.87,29399.97,28938.93,29174.18,12780357746.0
2023-08-04,29174.84,29312.28,28747.1,29076.48,12036639988.0
2023-08-05,29077.04,29111.87,28946.17,29047.12,6598366353.0
2023-08-06,29047.33,29163.24,28955.0,29040.01,7269806994.0
2023-08-07,29040.01,29246.0,28660.53,29179.21,13618163710.0
2023-08-08,29179.28,30222.0,29104.65,29770.01,17570561357.0
2023-08-09,29770.01,30128.88,29344.16,29562.76,18379521213.0
2023-08-10,29562.76,29709.38,29306.0,29424.03,11865344789.0
2023-08-11,29424.04,29534.14,29213.59,29400.45,10195168197.0
2023-08-12,29400.45,29477.31,29349.98,29416.96,6194358008.0
2023-08-13,29417.19,29447.6,29247.15,29275.94,7329897180.0
2023-08-14,29275.78,29665.27,29072.96,29405.49,14013695304.0
2023-08-15,29405.49,29464.62,29046.58,29170.14,12640195779.0
2023-08-16,29170.13,29231.92,28690.37,28700.51,14949271904.0
2023-08-17,28700.51,28751.84,25234.76,26627.57,31120851211.0
2023-08-18,26627.21,26834.37,25610.0,26048.89,24026236529.0
2023-08-19,26048.9,26269.11,25793.11,26096.42,10631443812.0
2023-08-20,26096.4,26296.78,25975.01,26189.14,9036580420.0
2023-08-21,26189.36,26260.25,25814.0,26125.18,13371557893.0
2023-08-22,26125.16,26137.99,25350.0,26042.11,14503820706.0
2023-08-23,26041.94,26818.28,25796.47,26427.54,16985265785.0
2023-08-24,26427.73,26567.38,25850.0,26163.49,12871532023.0
2023-08-25,26163.49,26294.53,25750.0,26049.39,12406045118.0
2023-08-26,26049.4,26115.44,25971.44,26009.61,6034817316.0
2023-08-27,26009.62,26171.87,25961.81,26091.16,6913768611.0
2023-08-28,26091.16,26232.88,25850.0,26101.04,11002805166.0
2023-08-29,26101.03,28184.89,25903.18,27717.98,29368391712.0
2023-08-30,27717.15,27775.0,27015.75,27306.06,16343655235.0
2023-08-31,27306.06,27576.99,25660.61,25932.45,20181001451.0
2023-09-01,25931.51,26142.28,25307.37,25794.88,17202862221.0
2023-09-02,25795.61,25982.48,25707.3,25867.83,10100387473.0
2023-09-03,25867.82,26123.0,25792.29,25969.83,8962524523.0
2023-09-04,25969.83,26093.07,25627.0,25816.13,10680635106.0
2023-09-05,25816.14,25884.04,25551.36,25783.91,11094740040.0
2023-09-06,25782.49,26025.78,25358.0,25747.63,12752705327.0
2023-09-07,25747.63,26440.55,25595.8,26276.3,11088307100.0
2023-09-08,26276.38,26460.41,25640.1,25906.34,10817356400.0
2023-09-09,25906.33,25942.69,25791.45,25897.82,5481314132.0
2023-09-10,25897.82,26023.89,25578.01,25831.76,7899553047.0
2023-09-11,25831.77,25891.6,24900.0,25152.14,14600006467.0
2023-09-12,25152.13,26556.91,25120.76,25840.61,18657279324.0
2023-09-13,25839.95,26413.59,25763.43,26226.65,13072077070.0
2023-09-14,26227.16,26869.06,26128.25,26532.76,13811359124.0
2023-09-15,26532.5,26892.65,26213.96,26602.42,11479735788.0
2023-09-16,26601.71,26777.0,26453.32,26569.69,7402031417.0
2023-09-17,26569.69,26626.49,26405.04,26530.95,6774210670.0
2023-09-18,26530.96,27427.34,26382.13,26764.49,15615339655.0
2023-09-19,26764.03,27500.0,26666.93,27216.13,13807690550.0
2023-09-20,27216.52,27393.78,26798.98,27123.94,13281116604.0
2023-09-21,27122.65,27163.48,26359.7,26564.54,13371443708.0
2023-09-22,26564.54,26742.86,26467.94,26578.4,10578746709.0
2023-09-23,26578.4,26638.58,26513.0,26579.6,7404700301.0
2023-09-24,26579.59,26731.1,26118.86,26250.24,8192867686.0
2023-09-25,26248.17,26444.95,25983.78,26296.08,11997833257.0
2023-09-26,26296.07,26397.59,26080.0,26208.44,9985498161.0
2023-09-27,26208.43,26830.0,26088.37,26357.62,11718380997.0
2023-09-28,26357.56,27313.86,26321.37,27027.14,14079002707.0
2023-09-29,27027.44,27238.9,26661.71,26907.0,10396435377.0
2023-09-30,26905.57,27097.25,26884.86,26961.0,5331172801.0
2023-10-01,26961.0,28062.62,26955.25,27995.46,9503917434.0
2023-10-02,27995.46,28613.37,27302.3,27504.04,19793041322.0
2023-10-03,27504.03,27672.12,27160.47,27428.96,11407814187.0
2023-10-04,27428.96,27842.38,27208.65,27786.75,11143355314.0
2023-10-05,27786.12,28140.0,27358.05,27412.96,11877253670.0
2023-10-06,27413.15,28288.88,27173.41,27945.17,13492391599.0
2023-10-07,27945.17,28040.84,27861.2,27976.43,6553044316.0
2023-10-08,27976.44,28109.94,27708.6,27933.55,7916875290.0
2023-10-09,27933.54,28003.7,27268.63,27596.67,12007668568.0
2023-10-10,27596.67,27739.94,27291.81,27393.29,9973350678.0
2023-10-11,27393.28,27478.61,26521.32,26869.19,13648094333.0
2023-10-12,26867.97,26939.55,26537.72,26750.51,9392909295.0
2023-10-13,26752.06,27122.24,26662.62,26863.53,15165312851.0
2023-10-14,26863.54,26988.12,26797.0,26851.71,5388116782.0
2023-10-15,26851.71,27301.37,26806.06,27186.13,7098201980.0
2023-10-16,27186.13,30000.0,27135.92,28520.24,27833876539.0
2023-10-17,28520.24,28637.21,28083.19,28408.83,14872527508.0
2023-10-18,28408.51,28999.98,28151.6,28326.51,12724128586.0
2023-10-19,28326.24,28938.96,28122.57,28735.34,14448058195.0
2023-10-20,28734.51,30248.0,28591.85,29684.73,21536125230.0
2023-10-21,29684.73,30369.0,29475.06,29924.84,11541146996.0
2023-10-22,29925.91,30275.0,29670.0,30004.15,10446520040.0
2023-10-23,30004.14,35000.0,29890.89,33087.58,38363572311.0
2023-10-24,33079.72,35157.23,32851.45,33922.52,44934999645.0
2023-10-25,33921.66,35144.0,33690.91,34506.35,25254318008.0
2023-10-26,34504.33,34843.04,33735.86,34154.71,19427195376.0
2023-10-27,34153.35,34249.99,33400.0,33906.09,16418032871.0
2023-10-28,33905.96,34500.0,33867.38,34085.42,10160330825.0
2023-10-29,34085.42,34763.0,33937.31,34534.48,11160323986.0
2023-10-30,34534.48,34871.0,34077.9,34493.79,17184860315.0
2023-10-31,34493.51,34732.18,34038.79,34656.4,15758270810.0
2023-11-01,34656.38,35647.19,34079.46,35440.1,22446272005.0
2023-11-02,35440.1,35997.8,34311.73,34950.0,20998158544.0
2023-11-03,34947.92,34954.6,34100.0,34731.27,17158456701.0
2023-11-04,34730.32,35278.4,34599.85,35087.01,9561294264.0
2023-11-05,35087.43,35410.0,34500.0,35035.42,12412743996.0
2023-11-06,35035.79,35294.12,34753.66,35059.46,12693436420.0
2023-11-07,35059.46,35963.0,34530.67,35416.28,18834737789.0
2023-11-08,35416.63,36113.59,35103.14,35639.13,17295394918.0
2023-11-09,35639.13,37999.0,35555.16,36706.59,37762672382.0
2023-11-10,36704.01,37548.8,36334.46,37324.83,22711265155.0
2023-11-11,37324.84,37424.03,36701.5,37139.12,13924272142.0
2023-11-12,37139.94,37247.0,36740.9,37086.03,11545715999.0
2023-11-13,37086.5,37442.48,36351.0,36475.67,19057712790.0
2023-11-14,36475.68,36756.16,34758.64,35554.09,23857403554.0
2023-11-15,35554.1,37987.0,35358.45,37885.35,27365821679.0
2023-11-16,37885.35,37958.75,35511.11,36161.15,26007385366.0
2023-11-17,36161.15,36831.99,35869.0,36630.38,22445028430.0
2023-11-18,36631.56,36857.15,36205.89,36594.89,11886022717.0
2023-11-19,36596.14,37546.62,36404.52,37391.19,12915986553.0
2023-11-20,37389.06,37784.07,36720.0,37475.64,20888209068.0
2023-11-21,37472.76,37675.77,35744.9,35751.89,25172163756.0
2023-11-22,35755.33,37875.0,35633.0,37424.31,24397247860.0
2023-11-23,37424.31,37653.67,36888.0,37304.05,14214948217.0
2023-11-24,37304.04,38454.0,37257.56,37745.84,22922957823.0
2023-11-25,37746.29,37920.27,37615.91,37805.99,9099571165.0
2023-11-26,37806.84,37842.17,37156.72,37462.79,13744796068.0
2023-11-27,37462.01,37578.42,36715.1,37241.63,19002925720.0
2023-11-28,37241.64,38425.96,36873.55,37838.26,21696137014.0
2023-11-29,37838.26,38480.0,37581.93,37863.84,20728546658.0
2023-11-30,37864.79,38152.18,37500.0,37732.27,18115982627.0
2023-12-01,37732.27,39000.0,37618.25,38703.54,23512784002.0
2023-12-02,38706.55,39740.0,38660.03,39478.95,15534035612.0
2023-12-03,39467.42,40221.22,39293.02,39984.81,15769696322.0
2023-12-04,39984.81,42410.46,39983.6,41987.24,39856129827.0
2023-12-05,41985.53,45000.0,41384.03,44084.39,36312154535.0
2023-12-06,44086.33,44290.37,43369.0,43764.05,29909761586.0
2023-12-07,43766.41,44057.23,42846.53,43280.95,27635760671.0
2023-12-08,43281.11,44754.99,43087.17,44192.87,24421116687.0
2023-12-09,44192.86,44384.68,43586.14,43723.25,17368210171.0
2023-12-10,43722.84,44049.51,43562.06,43793.68,13000481418.0
2023-12-11,43793.67,43811.81,40150.0,41229.61,40632672038.0
2023-12-12,41229.61,42088.56,40636.51,41477.39,24779520132.0
2023-12-13,41477.6,43475.0,40553.15,42885.54,26797884674.0
2023-12-14,42887.39,43442.15,41426.76,43027.77,25578530178.0
2023-12-15,43027.77,43095.71,41640.51,41933.89,19639442462.0
2023-12-16,41934.84,42680.2,41626.66,42237.29,14386729590.0
2023-12-17,42235.23,42367.82,41222.0,41349.59,16678702876.0
2023-12-18,41349.59,42754.79,40508.01,42650.01,25224642008.0
2023-12-19,42650.01,43461.86,41780.0,42266.22,23171001281.0
2023-12-20,42266.25,44324.86,42184.48,43674.77,27868908174.0
2023-12-21,43673.11,44250.0,43295.78,43875.32,22452766169.0
2023-12-22,43875.56,44424.36,43412.82,44013.73,21028503216.0
2023-12-23,44013.65,44033.84,43333.35,43726.35,13507796558.0
2023-12-24,43728.36,43985.67,42614.17,43025.03,18830554085.0
2023-12-25,43025.02,43818.29,42755.35,43589.67,21115795370.0
2023-12-26,43589.67,43605.0,41600.67,42515.53,30026850982.0
2023-12-27,42521.21,43709.98,42111.47,43474.4,25260941032.0
2023-12-28,43469.06,43830.34,42265.08,42581.23,22992093014.0
2023-12-29,42581.23,43137.1,41300.0,42063.45,26000021055.0
2023-12-30,42064.22,42593.73,41518.19,42141.03,16013925945.0
2023-12-31,42139.32,42850.0,41964.68,42288.06,16397498810.0
2024-01-01,42288.58,44240.8,42175.65,44220.78,18426978443.0
2024-01-02,44220.78,45925.82,44195.13,44972.8,39335274536.0
2024-01-03,44972.81,45519.32,40625.68,42862.44,46342323118.0
2024-01-04,42860.58,44800.0,42650.0,44193.29,30448091210.0
2024-01-05,44198.35,44443.37,42450.0,44186.59,32336029347.0
2024-01-06,44187.76,44260.95,43436.5,43992.44,16092503468.0
2024-01-07,43992.79,44510.01,43629.7,43950.28,19330573863.0
2024-01-08,43954.52,47330.0,43200.44,46995.1,42746192015.0
2024-01-09,46995.09,47901.0,44701.54,46124.08,39821290992.0
2024-01-10,46120.79,47732.5,44320.01,46666.11,50114613298.0
2024-01-11,46678.54,49102.29,45555.55,46342.66,45833734549.0
2024-01-12,46344.96,46522.2,41444.97,42773.03,43332698900.0
2024-01-13,42775.1,43250.0,42427.0,42839.33,20601860469.0
2024-01-14,42839.32,43064.13,41680.73,41697.33,17521429522.0
2024-01-15,41698.13,43331.91,41680.0,42490.16,22320220558.0
2024-01-16,42481.69,43569.23,42028.02,43130.45,24062872740.0
2024-01-17,43130.35,43185.47,42160.0,42739.49,20851232595.0
2024-01-18,42737.68,42877.22,40600.05,41293.5,25218357242.0
2024-01-19,41290.57,42159.52,40236.49,41624.07,25752407154.0
2024-01-20,41623.94,41846.15,41418.55,41666.67,11586690904.0
2024-01-21,41666.67,41858.59,41472.49,41554.05,9344043642.0
2024-01-22,41553.92,41658.0,39372.44,39524.27,31338708143.0
2024-01-23,39524.27,40144.49,38501.0,39878.3,29244553045.0
2024-01-24,39878.28,40527.26,39382.15,40077.78,22359526178.0
2024-01-25,40079.87,40282.87,39503.0,39941.66,18491782013.0
2024-01-26,39941.66,42243.14,39805.95,41814.8,25598119893.0
2024-01-27,41814.96,42199.99,41383.94,42126.55,11422941934.0
2024-01-28,42126.55,42839.07,41617.53,42034.59,16858971687.0
2024-01-29,42034.57,43326.77,41787.35,43306.18,20668476578.0
2024-01-30,43303.3,43872.99,42680.2,42942.78,23842814518.0
2024-01-31,42937.72,43741.94,42265.77,42548.08,24673628793.0
2024-02-01,42545.47,43276.19,41846.04,43078.81,21423953779.0
2024-02-02,43080.38,43700.0,42527.58,43181.66,18603843039.0
2024-02-03,43183.62,43358.13,42863.58,43010.67,11169245236.0
2024-02-04,43007.82,43100.0,42228.01,42568.55,14802225490.0
2024-02-05,42571.91,43520.0,42235.0,42657.67,18715487317.0
2024-02-06,42658.3,43372.79,42516.07,43095.79,16798476726.0
2024-02-07,43097.16,44430.0,42760.44,44343.61,21126587775.0
2024-02-08,44345.94,45637.38,44335.0,45305.2,26154524080.0
2024-02-09,45304.83,48230.02,45252.93,47160.41,39316770844.0
2024-02-10,47157.01,48179.43,46889.53,47767.06,16398681570.0
2024-02-11,47767.06,48614.0,47590.3,48316.3,19315867136.0
2024-02-12,48321.14,50363.42,47715.67,49941.81,34511985805.0
2024-02-13,49941.95,50423.42,48327.81,49725.36,35593051468.0
2024-02-14,49724.55,52111.0,49253.92,51858.59,39105608050.0
2024-02-15,51858.51,52890.0,51353.49,51934.29,38564360533.0
2024-02-16,51935.23,52608.2,51597.87,52162.64,28180567298.0
2024-02-17,52162.65,52214.05,50642.36,51666.22,20009091006.0
2024-02-18,51666.23,52400.0,51174.38,52153.63,17595377311.0
2024-02-19,52153.63,52501.01,51687.98,51787.05,21362184346.0
2024-02-20,51787.05,53000.0,50764.01,52277.52,33353758256.0
2024-02-21,52277.53,52394.91,50628.6,51851.67,28624907020.0
2024-02-22,51851.46,52076.0,50905.65,51258.7,25413900611.0
2024-02-23,51260.29,51512.68,50513.01,50747.05,21427078270.0
2024-02-24,50746.98,51696.19,50576.55,51570.65,15174077879.0
2024-02-25,51568.63,51967.82,51275.01,51731.0,15413239245.0
2024-02-26,51730.96,54980.0,50901.23,54533.48,34074411896.0
2024-02-27,54530.32,57646.81,54490.8,57077.07,49756832031.0
2024-02-28,57077.08,64100.0,56723.48,62518.9,83239156760.0
2024-02-29,62520.06,63675.48,60355.61,61179.03,65496611844.0
2024-03-01,61179.03,63267.18,60788.33,62436.72,40186368423.0
2024-03-02,62439.74,62500.0,61623.39,62045.78,23888473685.0
2024-03-03,62045.78,63260.0,61388.0,63154.49,26253811450.0
2024-03-04,63155.74,68602.98,62300.0,68360.14,70670471105.0
2024-03-05,68356.7,69324.58,59224.68,63800.78,102802940877.0
2024-03-06,63802.15,67654.06,62832.39,66122.28,68750229073.0
2024-03-07,66115.48,68098.09,65599.63,66938.21,46989543159.0
2024-03-08,66938.21,70199.0,66157.09,68289.16,59202881172.0
2024-03-09,68289.16,68700.41,68047.62,68480.0,21609650379.0
2024-03-10,68480.01,70000.0,68221.13,69032.12,35683977532.0
2024-03-11,69032.8,72943.98,67112.21,72110.98,65716656765.0
2024-03-12,72110.98,73027.63,68603.0,71475.93,62554434520.0
2024-03-13,71473.43,73709.99,71337.3,73135.04,48212536929.0
2024-03-14,73135.04,73835.57,68454.47,71364.58,59594605698.0
2024-03-15,71364.58,72414.96,65565.7,69506.88,78320453976.0
2024-03-16,69514.87,70050.0,64774.05,65254.22,46842198371.0
2024-03-17,65254.22,68877.82,64505.0,68343.64,44716864318.0
2024-03-18,68354.29,68933.71,66562.65,67613.04,49261579492.0
2024-03-19,67609.39,68136.39,61506.0,61906.27,74215844794.0
2024-03-20,61902.57,68150.0,60771.14,67858.8,66792634382.0
2024-03-21,67855.88,68234.56,64525.0,65484.7,44480350565.0
2024-03-22,65478.98,66651.1,62258.36,63814.56,41401116964.0
2024-03-23,63814.56,66029.09,63013.19,63998.86,24738964812.0
2024-03-24,63998.87,67637.6,63785.57,67204.93,27206630673.0
2024-03-25,67212.69,71269.92,66381.84,69890.28,42700139523.0
2024-03-26,69895.6,71582.96,69269.69,69992.4,36010437368.0
2024-03-27,69994.9,71789.85,68369.62,69435.96,40827113309.0
2024-03-28,69437.16,71635.99,68841.01,70801.18,34374900617.0
2024-03-29,70804.06,70941.7,69036.95,69903.75,25230851763.0
2024-03-30,69903.74,70363.25,69569.03,69626.87,17130241883.0
2024-03-31,69623.86,71399.91,69587.86,71288.9,20050941373.0
2024-04-01,71291.5,71313.8,68055.15,69681.82,34873527352.0
2024-04-02,69681.85,69711.0,64521.61,65464.14,50705240709.0
2024-04-03,65472.0,66944.06,64500.0,65987.92,34488018367.0
2024-04-04,65984.18,69367.19,65073.95,68525.23,34439527442.0
2024-04-05,68528.69,68783.99,66000.0,67856.51,33748230056.0
2024-04-06,67856.51,69685.0,67469.19,68919.89,19967785809.0
2024-04-07,68919.57,70312.0,68846.23,69350.34,21204930369.0
2024-04-08,69350.36,72777.0,69037.33,71622.53,37261432669.0
2024-04-09,71616.31,71761.37,68200.0,69117.01,36426900409.0
2024-04-10,69115.79,71159.6,67463.07,70634.04,38318601774.0
2024-04-11,70638.4,71305.86,69530.0,70020.73,30153382941.0
2024-04-12,70020.71,71265.74,65110.31,67148.61,44129299406.0
2024-04-13,67148.62,69100.0,60822.01,64024.77,52869738185.0
2024-04-14,64021.36,65890.91,62150.0,65777.05,49084320047.0
2024-04-15,65764.56,66928.82,62315.08,63452.18,43595917654.0
2024-04-16,63452.18,64400.0,61645.09,63814.94,42847528078.0
2024-04-17,63814.94,64524.14,59648.33,61279.36,41915247049.0
2024-04-18,61275.73,64210.0,60816.07,63513.85,36006307335.0
2024-04-19,63514.84,65498.99,59573.32,63848.37,49920425401.0
2024-04-20,63841.96,65463.08,63121.15,64968.87,23097485495.0
2024-04-21,64960.82,65725.81,64250.0,64952.92,20506644853.0
2024-04-22,64952.92,67272.73,64520.0,66859.17,28282686673.0
2024-04-23,66856.07,67225.66,65823.66,66414.16,24310975583.0
2024-04-24,66418.0,67077.97,63542.56,64255.78,30276655120.0
2024-04-25,64255.77,65287.69,62747.18,64484.44,32155786816.0
2024-04-26,64484.44,64810.0,63287.76,63742.39,24139372950.0
2024-04-27,63742.39,63900.0,62389.0,63422.0,19530783039.0
2024-04-28,63422.34,64333.33,62743.81,63108.94,17334827993.0
2024-04-29,63109.76,64200.0,61741.01,63844.85,26635912073.0
2024-04-30,63845.01,64727.81,59040.3,60622.1,37840840057.0
2024-05-01,60621.2,60785.49,56500.0,58265.59,48439780271.0
2024-05-02,58267.81,59641.03,56903.79,59071.89,32711813559.0
2024-05-03,59070.3,63365.72,58821.05,62913.03,33172023048.0
2024-05-04,62913.03,64546.0,62565.82,63902.88,20620477992.0
2024-05-05,63902.88,64636.75,62908.34,64023.45,18296164805.0
2024-05-06,64023.45,65523.44,62704.48,63162.24,28697928697.0
2024-05-07,63161.35,64415.06,62252.64,62315.76,25930730982.0
2024-05-08,62315.75,63013.05,60851.04,61169.53,26088172222.0
2024-05-09,61169.53,63424.14,60601.6,63073.57,25453338161.0
2024-05-10,63073.55,63470.0,60150.0,60787.47,27804954694.0
2024-05-11,60787.99,61482.0,60450.13,60814.63,13842272968.0
2024-05-12,60814.64,61843.45,60576.05,61453.02,13800459405.0
2024-05-13,61453.01,63456.18,60738.51,62932.37,27889181179.0
2024-05-14,62927.44,63103.02,61024.51,61539.84,28186271527.0
2024-05-15,61539.7,66480.0,61299.57,66244.69,39815167074.0
2024-05-16,66244.68,66772.83,64588.5,65252.18,31573077994.0
2024-05-17,65252.17,67500.0,65113.46,67046.33,28031279310.0
2024-05-18,67046.34,67407.79,66624.06,66923.87,16712277406.0
2024-05-19,66923.87,67701.91,65852.02,66261.62,19249094538.0
2024-05-20,66260.04,71560.9,66057.03,71432.17,43850655717.0
2024-05-21,71432.16,71980.0,69146.01,70142.84,46932005990.0
2024-05-22,70142.88,70659.99,68887.52,69109.93,32802561717.0
2024-05-23,69109.93,70066.95,66259.0,67940.45,41895680979.0
2024-05-24,67932.79,69278.75,66587.91,68547.8,29197308153.0
2024-05-25,68545.52,69605.03,68487.44,69289.67,15473071741.0
2024-05-26,69289.69,69522.0,68097.38,68473.72,15628433737.0
2024-05-27,68470.8,70613.39,68210.12,69368.72,25870990717.0
2024-05-28,69366.31,69533.96,67194.59,68321.98,32722265965.0
2024-05-29,68321.99,68864.11,67081.66,67569.45,26707072906.0
2024-05-30,67569.44,69536.89,67092.91,68338.58,29509712534.0
2024-05-31,68338.58,69024.71,66584.47,67472.41,27387283769.0
2024-06-01,67473.07,67837.33,67371.28,67719.29,11641495604.0
2024-06-02,67719.29,68411.0,67260.0,67735.52,17110588415.0
2024-06-03,67731.14,70295.78,67568.0,68791.0,32401285324.0
2024-06-04,68791.04,71108.9,68542.37,70542.32,33149696545.0
2024-06-05,70541.68,71804.13,70356.49,71121.11,32810771409.0
2024-06-06,71120.65,71650.56,70093.98,70773.64,25223152007.0
2024-06-07,70773.63,71974.04,68298.55,69324.53,36188381096.0
2024-06-08,69326.71,69546.58,69126.22,69304.05,14262185861.0
2024-06-09,69303.8,69848.94,69123.99,69637.87,13534028500.0
2024-06-10,69641.08,70187.53,69141.51,69497.73,20597699541.0
2024-06-11,69495.97,69547.82,66018.69,67316.53,37116136345.0
2024-06-12,67316.52,70032.0,66883.32,68248.6,34497940694.0
2024-06-13,68248.59,68474.49,66200.0,66738.85,28955204146.0
2024-06-14,66746.46,67322.72,65005.0,66004.39,27403884779.0
2024-06-15,66004.36,66428.57,65800.86,66192.0,14121265576.0
2024-06-16,66192.0,66931.18,65999.0,66628.75,13281140541.0
2024-06-17,66629.38,67274.96,65050.0,66481.81,30006354476.0
2024-06-18,66481.81,66574.33,64010.01,65152.8,39481285950.0
2024-06-19,65150.9,65709.26,64635.48,64943.79,21103423504.0
2024-06-20,64945.67,66455.52,64500.0,64840.88,25641109124.0
2024-06-21,64840.89,65017.1,63300.93,64120.28,26188171739.0
2024-06-22,64120.28,64523.91,63910.01,64235.01,9858198793.0
2024-06-23,64235.0,64499.95,63125.75,63171.43,11170471802.0
2024-06-24,63169.36,63343.91,58414.28,60263.0,43152133651.0
2024-06-25,60262.16,62400.0,60217.36,61789.71,29201215431.0
2024-06-26,61794.47,62470.0,60656.8,60816.68,22506003064.0
2024-06-27,60818.86,62346.16,60546.94,61615.39,21231745045.0
2024-06-28,61611.43,62170.62,59868.0,60313.35,24952866877.0
2024-06-29,60312.36,61122.66,60273.8,60885.67,12652903396.0
2024-06-30,60884.44,62942.67,60611.01,62668.26,17333226409.0
2024-07-01,62669.14,63801.26,62448.46,62830.13,25468379421.0
2024-07-02,62830.94,63223.57,61000.0,62040.22,20151616992.0
2024-07-03,62039.44,62197.01,59332.76,60145.01,29756701685.0
2024-07-04,60145.01,60429.27,56709.73,57042.14,41149609230.0
2024-07-05,57036.45,57515.6,53499.9,56639.43,55417544033.0
2024-07-06,56634.53,58481.97,56020.32,58244.75,20610320577.0
2024-07-07,58240.36,58448.89,55717.23,55854.09,20553359505.0
2024-07-08,55852.61,58200.0,54278.93,56699.43,39766159899.0
2024-07-09,56701.18,58295.31,56276.37,58047.86,27849512607.0
2024-07-10,58047.86,59481.93,57157.28,57712.59,670599075.0
2024-07-11,57713.4,59533.06,57036.41,57340.77,655607632.0
2024-07-12,57343.66,58550.0,56538.33,57909.03,609006337.0
2024-07-13,57908.61,59875.0,57770.92,59224.58,252006834.0
2024-07-14,59224.58,61428.67,59209.2,60808.42,372899976.0
2024-07-15,60804.97,64943.61,60666.59,64757.16,1334109777.0
2024-07-16,64757.16,65405.89,62410.33,65088.99,955933990.0
2024-07-17,65086.55,66139.0,63853.99,64085.81,682370771.0
2024-07-18,64085.82,65130.88,63222.6,63982.86,488670859.0
2024-07-19,63977.64,67504.22,63289.15,66707.61,1011491323.0
2024-07-20,66707.61,67635.0,66271.0,67163.83,313748367.0
2024-07-21,67163.82,68380.0,65820.18,68181.28,410987348.0
2024-07-22,68181.16,68495.0,66569.42,67558.22,800213009.0
2024-07-23,67560.03,67786.84,65444.3,65939.24,711552833.0
2024-07-24,65939.24,67131.17,65090.61,65366.4,503468715.0
2024-07-25,65358.86,66161.98,63412.46,65795.42,687710555.0
2024-07-26,65795.52,68216.66,65705.6,67924.08,632727014.0
2024-07-27,67921.46,69418.15,66635.28,67899.41,694856895.0
2024-07-28,67901.81,68308.82,67021.8,68244.3,239233695.0
2024-07-29,68244.3,70000.0,66400.01,66771.45,910861717.0
2024-07-30,66767.14,66994.15,65283.68,66169.68,577883633.0
2024-07-31,66169.68,66837.4,64500.0,64609.62,580606293.0
2024-08-01,64609.61,65593.56,62212.81,65288.18,1020872690.0
